[
  {
    "id": 123
  },
  {
    "id": 456
  },
  {
    "id": 6976664523
  },
  {
    "id": 7016894321
  },
  {
    "id": 1744843606
  },
  {
    "id": 6436199728
  },
  {
    "id": 5934845510
  },
  {
    "id": 6559623863
  },
  {
    "id": 2129265407
  },
  {
    "id": 6954432229
  },
  {
    "id": 6960845020
  },
  {
    "id": 6323816337
  },
  {
    "id": 6596403970
  },
  {
    "id": 6300878270
  },
  {
    "id": 6609222172
  },
  {
    "id": 2082466351
  },
  {
    "id": 1439616500
  },
  {
    "id": 6456204213
  },
  {
    "id": 5191875936
  },
  {
    "id": 6910116928
  },
  {
    "id": 7153142724
  },
  {
    "id": 5958885535
  },
  {
    "id": 5907773030
  },
  {
    "id": 5918223278
  },
  {
    "id": 6407874409
  },
  {
    "id": 7064032741
  },
  {
    "id": 6761761143
  },
  {
    "id": 6591208198
  },
  {
    "id": 6384290229
  },
  {
    "id": 6290025076
  },
  {
    "id": 5672627491
  },
  {
    "id": 5915380504
  },
  {
    "id": 1344553362
  },
  {
    "id": 6533183426
  }
]